steam_appid,website,support_url,support_email
10,,http://steamcommunity.com/app/10,
50,,https://help.steampowered.com,
70,http://www.half-life.com/,http://steamcommunity.com/app/70,
80,,http://steamcommunity.com/app/80,
220,http://www.half-life2.com,http://steamcommunity.com/app/220,
240,,http://steamcommunity.com/app/240,
300,http://www.dayofdefeat.com/,,
380,http://ep1.half-life2.com/,,
400,http://www.whatistheorangebox.com/,http://steamcommunity.com/app/400,
420,http://www.whatistheorangebox.com/,,
440,http://www.teamfortress.com/,http://steamcommunity.com/app/440,
500,http://www.l4d.com/,http://steamcommunity.com/app/500,
550,http://www.l4d.com,http://steamcommunity.com/app/550,
570,http://www.dota2.com/,,
620,http://www.thinkwithportals.com/,http://steamcommunity.com/app/620,
630,http://www.alienswarm.com,,
1250,http://www.killingfloorthegame.com,http://support.tripwireinteractive.com/,
1840,http://www.sourcefilmmaker.com/,,
2100,http://www.darkmessiahmightandmagic.com,,
2400,http://www.blazinggriffin.com/games/the-ship-murder-party/,http://www.blazinggriffin.com/,support@blazinggriffin.com
2630,http://www.callofduty.com/,https://support.activision.com/,
3590,,http://support.popcap.com/,
3830,http://www.psychonauts.com/,http://support.doublefine.com/,support@doublefine.com
3900,http://www.2kgames.com/civ4/home.htm,http://support.2kgames.com/,
3910,http://www.civ3.com/,http://support.2kgames.com/,
4000,https://gmod.facepunch.com,https://support.facepunchstudios.com/,
4500,https://soc.stalker-game.com/,https://soc.stalker-game.com/?page=support,support@gsc-game.com
4570,http://www.dawnofwar.com,https://support.sega.co.uk,
4700,http://www.totalwar.com,https://support.sega.co.uk,
4920,http://www.naturalselection2.com,http://unknownworlds.com/ns2/community/,
6000,http://www.lucasarts.com/,http://help.disney.com/en_US/Star-Wars/Steam,
6060,http://www.swbattlefront2.com,http://help.starwars.com/,
6850,http://www.hitman.com,http://steamcommunity.com/app/6850/discussions/,
6860,http://www.hitman.com/,http://steamcommunity.com/app/6860/discussions/,
6880,http://www.eidosinteractive.co.uk/gss/justcause/,https://support.eu.square-enix.com/contact.php?id=2149&amp;la=2,
6900,http://www.hitman.com,http://steamcommunity.com/app/6900/discussions/,
6910,,https://support.eidosmontreal.com/,
7760,,http://support.2k.com/home,
7940,http://www.charlieoscardelta.com/,http://support.activision.com/,
8190,http://www.justcause.com/,http://support.eu.square-enix.com/main.php?la=2&amp;id=2150,
8870,http://www.bioshockinfinite.com/,http://support.2k.com/home,
8980,http://www.borderlandsthegame.com/,http://support.2k.com/home,
9010,,,support@bethsoft.com
9340,http://www.companyofheroesgame.com/,https://support.sega.co.uk,
9450,http://www.dawnofwar.com,https://support.sega.co.uk/,
9480,http://www.saintsrow.com/,helpcenter.deepsilver.com,
9900,http://www.startrekonline.com,https://support.arcgames.com/,
10090,http://www.callofduty.com,http://support.activision.com/,
10180,https://www.callofduty.com/,http://support.activision.com/,
10500,http://www.totalwar.com,https://support.sega.co.uk,
10680,http://www.sega.com/avp,https://support.sega.co.uk,
11020,http://www.trackmania.com,,
12200,http://www.rockstargames.com/bully,http://support.rockstargames.com/hc/en-us,
12210,http://www.rockstargames.com/iv,https://support.rockstargames.com/,
13520,http://www.farcrygame.com/,https://support.ubi.com/en-US/,
15100,http://www.assassinscreed.com,https://support.ubi.com/,
15620,http://www.dawnofwar.com/,http://www.sega.com/support,
15700,http://www.oddworld.com/?p=68,http://support.oddworld.com/,
17080,http://www.tribesascend.com,https://account.hirezstudios.com/support/default.aspx,tribessupport@hirezstudios.com
17300,http://www.ea.com/crysis,https://help.ea.com/,
17330,http://crysiswarhead.ea.com/,,
17390,http://www.spore.com/,https://help.ea.com/,
17410,http://www.mirrorsedge.com/,https://help.ea.com/,
17470,http://deadspace.ea.com/agegate.aspx?returnURL=/Default.aspx,https://help.ea.com/,
19680,http://www.ea.com/alice,https://help.ea.com/,
19900,http://farcry.us.ubi.com,https://support.ubi.com/en-US/,
20570,http://www.dawnofwar.com,https://support.sega.co.uk,
20900,http://www.thewitcher.com,https://support.cdprojektred.com,
21100,http://www.whatisfear.com/,,support@wbgames.com
21090,https://wbgamessupport.wbgames.com/hc/en-us,https://wbgamessupport.wbgames.com/hc/en-us/requests/new,
21690,http://www.residentevil.com/5/,http://www.capcom.co.jp/support/contact/,
22330,http://www.elderscrolls.com,http://support.bethsoft.com/form.php?l=en,
22350,http://brinkthegame.com/,http://support.bethsoft.com/form.php,
22370,,http://support.bethsoft.com,
22380,http://fallout.bethsoft.com,http://support.bethsoft.com/,
24200,http://www.dcuniverseonline.com/,https://help.daybreakgames.com/,
24240,http://www.overkillsoftware.com/,http://forums.steampowered.com/forums/forumdisplay.php?f=1225,
32370,,http://yodashelpdesk.lucasarts.com/,
32430,http://www.theforceunleashed.com,http://help.disney.com/en_US/Star-Wars/Steam,
32470,http://www.swempireatwar.com,http://www.lucasarts.com/support/,
33230,http://www.assassinscreed.com,http://support.ubi.com,
33930,http://www.arma2.com,http://faq.bistudio.com/arma-2-operation-arrowhead,support@bohemia.net
34030,http://store.steampowered.com/app/901162/,https://support.sega.co.uk,
3990,http://www.2kgames.com/civ4/warlords/warlords.html,,
35140,http://rocksteadyltd.com/#arkham-asylum,https://community.wbgames.com/t5/Arkham-Legacy-Asylum-City/bd-p/Legacy,WBGames.Intsupport@warnerbros.com
35450,http://www.heroesofstalingrad.com/,http://support.tripwireinteractive.com/,
35700,http://www.trine-thegame.com/,,support@frozenbyte.com
35720,http://www.trine2.com/,,support@frozenbyte.com
38400,,http://bethsoft.com/en-us/contact,
38410,,http://bethsoft.com/en-us/contact,
38420,,http://bethsoft.com/en-us/contact,
39000,http://www.nasa.gov/moonbasealpha,,
39120,http://www.riftgame.com/?affiliateId=steamrift,https://support.trionworlds.com,
39140,http://www.finalfantasyviipc.com,http://support.eu.square-enix.com/,
39500,http://www.gothic3.com/,,support@quanticlab.com
40100,http://www.supremecommander.com/,http://support.eu.square-enix.com/main.php?la=2&amp;id=1261,
40970,http://www.strongholdcrusaderhd.com,https://support.fireflyworlds.com,
40990,,support.2k.com,
41000,http://www.croteam.com,,support@croteam.com
41070,http://www.croteam.com,,support@croteam.com
41500,http://www.torchlightgame.com,,
41700,https://cop.stalker-game.com/,https://cop.stalker-game.com/?page=support,support@gsc-game.com
42700,http://www.callofduty.com,http://support.activision.com/,
42910,http://www.magickagame.com/,https://paradox.zendesk.com/home,support@paradoxplaza.com
47780,http://deadspace.ea.com/,https://help.ea.com/en/dead-space/dead-space-2/,
47890,http://www.thesims3.com/,https://help.ea.com/en/the-sims/the-sims-3/,
48000,http://playdead.com/limbo,https://playdead.com/support/limbo/,support@playdead.com
48190,http://www.assassinscreed.com,http://support.ubi.com,
48700,http://www.taleworlds.com/en/Games/Warband,,
49520,https://www.2k.com/en-US/game/borderlands-2/,http://support.2k.com,
55100,,http://www.deepsilver.com/us/support/,techsupport@deepsilver.com
55150,http://www.spacemarine.com/,https://support.sega.co.uk,
55230,http://www.saintsrow.com/,helpcenter.deepsilver.com,
56400,http://www.dawnofwar.com,https://help.sega.net/hc/en-us,
57300,http://www.amnesiagame.com,http://support.frictionalgames.com/,
57690,http://www.worldoftropico.com/,http://www.kalypsomedia.com/,support@kalypsomedia.com
65790,https://www.bohemia.net/games/arma-cold-war-assault/,,support@bohemia.net
65800,https://dungeondefenders.com/,https://chromatic.zendesk.com,https://chromatic.zendesk.com
65930,http://thebureau-game.com,http://support.2k.com,
65980,http://www.civilization.com/,support.2k.com,
67370,http://www.embracethedarkness.com/,http://support.2k.com/home,
70000,http://www.dinodday.com/,http://www.dinodday.com/?page_id=5,
71340,http://www.sonicthehedgehog.com/,https://support.sega.co.uk,
72850,http://elderscrolls.com/,http://support.bethsoft.com/,
96000,http://www.colibrigames.com,,das@colibrigames.com
96100,,,fischp@gmail.com
99900,http://www.spiralknights.com/,http://wiki.spiralknights.com/Support_Portal,support@spiralknights.com
102600,https://robotentertainment.com/omd-details,https://orcsmustdie.com/#!/en/support,
104900,,dankiedev.com,dev@dankiedev.com
105450,https://www.ageofempires.com/games/aoeiii/,https://support.ageofempires.com/hc/en-us/articles/360053548711-Age-of-Empires-III-2007-,
105600,http://www.terraria.org/,https://forums.terraria.org/index.php?forums/pc-support.102/,support@terraria.org
107100,https://www.supergiantgames.com/games/bastion/,,info@supergiantgames.com
107410,http://www.arma3.com,http://arma3.com/faq,support@bohemia.net
108600,http://www.projectzomboid.com,,support@theindiestone.com
108710,http://www.alanwake.com,,
108800,http://www.mycrysis.com/,https://help.ea.com/,
109600,http://www.arcgames.com/en/games/neverwinter/news,https://support.arcgames.com/,
110800,http://www.rockstargames.com/lanoire/agegate/ref/?redirect=,,
113020,http://www.monacoismine.com,www.pocketwatchgames.com/chat,support@pocketwatchgames.com
113200,,,Souldescen@aol.com
113400,http://www.gamersfirst.com/apb,https://support.gamersfirst.com,support@gamersfirst.com
113420,http://www.fallenearth.com,http://support.gamersfirst.com/,support@gamersfirst.com
42680,http://www.callofduty.com,http://www.activision.com/support,
200170,http://www.team17.com,,help@team17support.com
200210,http://rot.mg,https://support.rotmg.com/hc/en-us,
200260,http://community.batmanarkhamcity.com/,,support@wbgames.com
200510,http://www.xcom.com/enemyunknown/,support.2k.com,
200710,http://www.torchlight2game.com/,https://support.runicgames.com/,support@runicgames.com
34330,http://www.totalwar.com/shogun2,https://support.sega.co.uk,
201790,https://robotentertainment.com/omd2-details,http://support.robotentertainment.com,support@robotentertainment.com
201810,http://www.wolfenstein.com,http://support.bethsoft.com/,
202750,http://www.alanwake.com,http://community.remedygames.com/forumdisplay.php?f=32,
202970,http://www.callofduty.com,http://www.activision.com/support,
203140,http://hitman.com/,http://steamcommunity.com/app/203140/discussions/,
203160,http://www.tombraider.com,http://support.crystald.com/,
203290,http://americasarmy.com/aapg,http://forum.americasarmy.com,support@americasarmy.com
203770,http://www.crusaderkings.com/,https://paradox.zendesk.com/home,
204100,http://www.rockstargames.com/maxpayne3,http://support.rockstargames.com,
204300,http://www.awesomenauts.com/,,support@atari.com
204340,http://www.serioussam.com,,support@croteam.com
204360,https://www.thebehemoth.com,https://support.thebehemoth.com,support@thebehemoth.com
204880,https://www.sinsofasolarempire.com,https://www.stardock.com/support/,support@stardock.com
205100,http://www.dishonored.com,http://support.bethsoft.com/,
206420,http://www.saintsrow.com,helpcenter.deepsilver.com,
206440,http://www.freebirdgames.com/to_the_moon/,http://freebirdgames.com/contact/,kan@freebirdgames.com
206480,https://signup.ddo.com/ddo.php?ftui=DDOSteam&amp;abrs=1,https://help.standingstonegames.com,contact@standingstonegames.com
206500,http://airmech.com,http://carbongames.com/faq.html,support@carbongames.com
207140,http://tinyBuild.com/speedrunners,http://tinyBuild.com,contact@tinybuildgames.com
207230,http://www.codebrush.net/,http://www.codebrush.net/,support@codebrush.net
207610,https://help.skybound.com/,https://help.skybound.com/support/solutions,
208140,https://www.games2gether.com/endless-space/blogs,https://support.sega.co.uk/hc/en-gb/categories/115000542785-Endless-Support,
208580,,http://support.aspyr.com/hc/en-us/sections/200912244-Star-Wars-Knights-of-the-Old-Republic-II-?utm_source=Steam&amp;utm_medium=SupportLink&amp;utm_campaign=KOTOR2,
208650,https://www.batmanarkhamknight.com/,support.wbgames.com,support@wbgames.com or Wbgames.intsupport@warnerbros.com
209000,http://www.batmanarkhamorigins.com/,http://support.wbgames.com,support@wbgames.com
209080,http://gunsoficarus.com/,http://gunsoficarus.com/community/forum/,feedback@musegames.com
209160,http://www.callofduty.com,http://support.activision.com/,
209670,http://cortexcommand.com,http://forums.datarealms.com/viewforum.php?f=72,support@datarealms.com
210770,,,support@coffeestain.se
211500,http://game.raceroom.com,https://discord.gg/raceroom,
211820,https://www.playstarbound.com,https://playstarbound.com/support,
212500,https://signup.lotro.com/lotro.php?ftui=LOTROSteam&amp;abrs=1,https://help.standingstonegames.com,contact@standingstonegames.com
212680,https://subsetgames.com/ftl.html,http://subsetgames.com/contact.html,contact@subsetgames.com
214420,http://play-gearup.com,http://play-gearup.com/support,support@doctorentertainment.com
214490,http://www.alienisolation.com,https://support.sega.co.uk,
214950,http://www.totalwar.com/rome2,https://support.sega.co.uk,
215080,https://www.wakfu.com,https://support.ankama.com,
215280,http://www.secretworldlegends.com,http://help.funcom.com/,
216150,https://www.nexon.com/maplestory,https://support-maplestory.nexon.net/,
218230,http://www.planetside2.com/,http://help.planetside2.com,
218620,https://www.paydaythegame.com/payday2/,https://pd2.link/support,
218680,http://games.kidswb.com/official-site/scribblenauts/unlimited/,http://support.wbgames.com/,WBGames.IntSupport@warnerbros.com
219150,https://www.hotlinemiami.com/,http://www.dennaton.com,support@devolverdigital.com
219640,http://www.tornbanner.com/chivalry,http://www.tornbanner.com/contact/,
219740,http://www.dontstarvegame.com,http://support.kleientertainment.com,livesupport@kleientertainment.com
219990,http://www.grimdawn.com/,https://forums.crateentertainment.com/c/grimdawn,support@crateentertainment.com
220200,https://kerbalspaceprogram.com/,https://kerbalspaceprogram.com/en/?page_id=23,support@kerbalspaceprogram.com
220240,http://farcrygame.com,http://support.ubi.com,
220440,http://www.devilmaycry.com/index.php,http://www.capcom.co.jp/support/contact/,
221040,http://www.residentevil.com/6/,http://www.capcom.co.jp/support/contact/,
221380,https://www.ageofempires.com/games/aoeii/,https://help.steampowered.com/en/wizard/HelpWithGameTechnicalIssue?appid=813780,
221910,http://stanleyparable.com,http://galactic-cafe.com,
222880,https://www.newworldinteractive.com,,support@newworldinteractive.com
223470,http://www.runningwithscissors.com,www.runningwithscissors.com,gamesupport@runningwithscissors.com
223710,https://linktr.ee/andreas.ronnberg,https://discord.gg/JAMbsJZ72M,
224260,https://www.nomoreroominhell.com/,https://forums.nomoreroominhell.com/index.php?/forum/57-help-support/,
224760,http://www.fezgame.com/,https://github.com/renaudbedard/fez-1.12-issues,support@fezgame.com
225080,,http://www.brothersthegame.com/help,
225260,http://www.brutallegend.com,http://www.doublefine.com/forums/viewforum/10/,support@doublefine.com
225540,https://justcause.com/,http://sqex.to/steamsupport,
226840,http://ageofwonders.com,http://ageofwonders.com/support,aow3support@triumphstudios.com
227300,https://eurotrucksimulator2.com/,https://eurotrucksimulator2.com/support.php,support@eurotrucksimulator2.com
228200,http://www.companyofheroes.com,https://support.sega.co.uk,
228280,https://www.beamdog.com/games/baldurs-gate-enhanced/,https://beamdog.atlassian.net/servicedesk/customer/portals,
228380,http://www.wreckfestgame.com,http://community.bugbeargames.com,support@bugbeargames.com
230290,http://universesandbox.com/,http://universesandbox.com/support/,
230410,http://www.warframe.com,http://support.warframe.com/,
231060,http://www.playragnarok2.com,https://support.warpportal.com,
231430,http://www.companyofheroes.com/,https://support.sega.co.uk/hc/en-us/categories/200798539-Company-of-Heroes-Support,
232050,http://www.snowbirdgames.com/eador/?lang=en,http://snowbirdgames.com/,support@snowbirdgames.com
232090,http://www.killingfloor2.com,http://support.killingfloor2.com,
232770,http://www.runningwithscissors.com,www.runningwithscissors.com,jonm@runningwithscissors.com
232890,http://www.strongholdcrusader2.com,http://support.fireflyworlds.com,
233130,http://www.shadowwarrior.com,,shadowwarrior-support@flyingwildhog.com
233450,https://www.prisonarchitect.com/,https://www.paradoxplaza.com/support-static-info-ca.html,
233720,https://www.surgeonsim.com,https://support.bossastudios.com,
233860,http://www.lofigames.com,http://www.lofigames.com/forum/,
234140,http://madmaxgame.com,http://support.wbgames.com,support@wbgames.com or Wbgames.intsupport@warnerbros.com
234650,http://harebrained-schemes.com/shadowrun/,https://paradox.zendesk.com/home,
235460,http://www.metalgearsolid.com/landing/,https://www.konami.com/games/us/en/pages/support/,
235540,http://www.vermintide.com,http://helpdesk.fatshark.se/helpdesk/,support@fatshark.jitbit.com
235600,http://www.splintercell.com,http://www.support.ubi.com,
236110,https://www.dungeondefenders.com/2/,http://support.chromatic.games,http://support.chromatic.games
236390,http://warthunder.com/,https://support.gaijin.net/,https://support.gaijin.net/
236850,http://www.europauniversalis4.com,http://support.paradoxplaza.com,support@paradoxplaza.com
237310,https://elsword.koggames.com/,https://support.koggames.com/,
237930,https://www.supergiantgames.com/games/transistor/,https://www.supergiantgames.com/contact/,info@supergiantgames.com
238010,,https://support.eidosmontreal.com/,
238090,https://sniperelitegames.com,https://rebellion.com/support/,
238320,http://redbarrelsgames.com/,,support@redbarrelsgames.com
238370,http://www.magicka2.com,http://www.paradoxplaza.com/support,support@paradoxplaza.com
238960,http://www.pathofexile.com,https://www.pathofexile.com/support,support@grindinggear.com
239030,http://papersplea.se,https://papersplea.se/support/,
239140,https://dyinglightgame.com/?utm_source=Steam&amp;utm_medium=Link&amp;utm_campaign=Dying_Light,http://support.techland.pl/,support@techland.pl
239160,,https://support.eidosmontreal.com/,
239200,http://www.aamfp.com,http://support.frictionalgames.com/,
239350,http://spelunkyworld.com,,support@mossmouth.com
239820,http://www.greenheartgames.com/app/game-dev-tycoon/,,support@greenheartgames.com
240320,https://www.panzar.com,https://www.panzar.com/about/faq/,support@panzar.com
240720,http://www.foddy.net/2017/09/getting-over-it,http://foddy.net,support@foddy.net
242640,http://www.styx-thegame.com/,http://www.focus-home.com/index.php?rub=support,support@focus-home.com
242700,http://www.injustice.com,support.wbgames.com,support@wbgames.com or Wbgames.intsupport@warnerbros.com
242720,http://www.gunz2.com,,support@masangsoft.com
242760,http://survivetheforest.com/,,support@endnightgame.com
242860,https://www.ww1gameseries.com/,http://www.verdungame.com,support@VerdunGame.com
242920,http://www.shiningrocksoftware.com,http://shiningrocksoftware.com,support@shiningrocksoftware.com
243470,http://www.watchdogsgame.com,https://support.ubi.com/,
244210,http://www.assettocorsa.net,http://www.assettocorsa.net/forum,support@assettocorsa.net
244450,http://www.menofwargame.com/games/assaultsquad2,http://www.fulqrumpublishing.com/support,support@fulqrumpublishing.com
244850,http://www.SpaceEngineersGame.com,https://support.keenswh.com/spaceengineers,support@keenswh.com
245170,http://www.skullgirls.com,http://www.skullgirls.com,sg_support@hiddenvariable.com
245620,http://www.tropico5.com,http://www.kalypsomedia.com/,support@kalypsomedia.com
246620,http://www.plagueincevolved.com,https://www.ndemiccreations.com/en/1-support,
246900,http://www.runestorm.com/viscera,http://www.runestorm.com/forums/viewforum.php?f=112,them@runestorm.com
247080,http://necrodancer.com,https://braceyourselfgames.com/contact/,
248570,https://www.toribash.com,https://forum.toribash.com/forumdisplay.php?f=11,support@nabistudios.com
248820,http://riskofraingame.com,,https://www.gearboxsoftware.com/contact/
249130,http://www.lego.com/marvelsuperheroes,support.wbgames.com,support@wbgames.com or Wbgames.intsupport@warnerbros.com
250400,http://www.howtosurvivethegame.com,http://support.505games.com,help@505games.com
250900,http://www.bindingofisaac.com,http://www.nicalis.com,isaac@nicalis.com
251060,http://www.eugensystems.com,https://www.eugensystems.com/contact-our-support/,
251570,http://www.7daystodie.com,http://7daystodie.com/support,support@7daystodie.com
252130,http://tinybuild.com/dividebysheep,https://www.tinybuild.com/contact,contact@tinybuildgames.com
252490,http://rust.facepunch.com/,http://support.facepunchstudios.com/,
253710,http://www.thehunter.com/,http://support.thehunter.com/,support@thehunter.com
253900,http://replaynow.topware.com/en/knights-and-merchants-tpr-and-tsk.html,http://replaynow.topware.com/en/knights-and-merchants-tpr-and-tsk.html,support@topware.com
253980,http://www.enclave-game.com/,https://www.topware.com,support@topware.com
254700,http://www.residentevil.com,http://www.capcom.co.jp/support/contact/,
255710,,https://paradox.zendesk.com/home,support@paradoxplaza.com
257350,https://www.beamdog.com/games/baldurs-gate-2-enhanced/,https://beamdog.atlassian.net/servicedesk/customer/portals,
257510,http://www.thetalosprinciple.com,,support@croteam.com
259080,http://www.jc-mp.com,http://www.jc-mp.com/forums/,info@jc-mp.com
261030,https://help.skybound.com/,https://help.skybound.com/support/solutions,
261550,https://www.taleworlds.com/en/Games/Bannerlord,https://forums.taleworlds.com/index.php?forums/mount-blade-ii-bannerlord.528/,
261640,http://borderlandsthegame.com/,support.2k.com,
262060,http://www.darkestdungeon.com,http://www.darkestdungeon.com/forums/,support@redhookgames.com
262280,http://www.dungeons-game.com/,http://www.kalypsomedia.com/,support@kalypsomedia.com
262410,http://noble-empire.com/,http://noble-empire.com/contacts.php,ler@noble-empire.com
264710,http://unknownworlds.com/subnautica,http://forums.unknownworlds.com/categories/subnautica,
265210,http://www.runestorm.com/viscera,,them@runestorm.com
265550,http://www.facebook.com/deadrising,http://www.capcom.co.jp/support/contact/,
265590,http://www.theredsolstice.com/,http://www.theredsolstice.com/,support@theredsolstice.com
265930,http://goat-simulator.com/,,support@coffeestain.se
266840,https://www.ageofempires.com/games/aom/,https://support.ageofempires.com/hc/en-us/articles/360053076232-Age-of-Mythology,
268050,http://www.theevilwithin.com,http://help.bethsoft.com/,
268500,http://www.xcom.com,support.2k.com,
268910,http://www.cupheadgame.com,,support@studiomdhr.com
269210,,http://panicartstudios.com,panicartstudios@gmail.com
270150,http://www.runningwithrifles.com,http://www.runningwithrifles.com/phpBB3/viewforum.php?f=5,support@osumiagames.com
270880,https://americantrucksimulator.com/,https://americantrucksimulator.com/support.php,support@americantrucksimulator.com
272060,http://waitingforserena.com,http://www.senscape.net,support@senscape.net
273110,,https://support-counterstrike.nexon.net,
274170,http://www.hotlinemiami.com,,support@devolverdigital.com
274190,http://www.broforcegame.com,,support@freelives.net
274940,https://www.depthgame.com,http://www.depthgame.com,support@digitalconfectioners.com
275390,http://guacamelee.com/,,support@drinkboxstudios.com
275850,http://www.no-mans-sky.com,http://www.no-mans-sky.com,support@hellogames.co.uk
278080,http://www.dynastywarriors8.eu/xl/uk/#home,http://www.koeitecmoeurope.com/support/,support@koeitecmo.co.uk
278360,http://gonenorthgames.com/games/a-story-about-my-uncle/,http://gonenorthgames.com/contact/,support@gonenorthgames.com
279720,www.i-dragon.com,www.topware.com,support@topware.com
280790,http://www.creativersegame.com,https://www.creativersegame.com/help/index.html,support@playfulstudios.com
281990,https://www.stellaris.com/,https://paradox.zendesk.com/home,support@paradoxplaza.com
282070,http://www.thiswarofmine.com,http://forum.11bitstudios.com/,support@11bitstudios.com
282140,http://www.somagame.com,http://support.frictionalgames.com,
282440,http://www.quakelive.com,http://www.quakelive.com/,support@quakelive.com
284160,https://www.beamng.com,https://support.beamng.com,support@beamng.com
285190,https://www.dawnofwar.com,https://support.sega.co.uk/hc/categories/200822435-Dawn-of-War-Support,
285800,http://www.tortugateam.com/,,support@tortugateam.com
285900,http://gangbeasts.game,http://gangbeasts.game,support@boneloaf.co
286160,https://www.tabletopsimulator.com/,https://forums.tabletopsimulator.com/,berserkgames@gmail.com
286690,http://www.metrothegame.com/,https://support.deepsilver.com/games,
287290,,http://www.capcom.co.jp/support/contact/,
287390,,https://support.deepsilver.com/games,
287450,http://www.riseofnations.com,https://support.microsoft.com/en-us/contactus/,
289070,http://www.civilization.com/,support.2k.com,
289130,http://www.amplitude-studios.com/endless-legend,https://support.sega.co.uk/hc/en-gb/categories/115000542785-Endless-Support,
289650,http://www.assassinscreed.com,https://support.ubi.com/,
291480,https://pc.wfclutch.com,https://support.my.games/wf_int,
291550,http://www.brawlhalla.com,http://www.brawlhalla.com/support,support@brawlhalla.com
291650,https://eternity.obsidian.net/,http://forums.obsidian.net,support@obsidian.net
292030,http://www.thewitcher.com,http://en.cdprojektred.com/support,http://en.cdprojektred.com/contact-support/
292730,https://www.callofduty.com/infinitewarfare,http://support.activision.com/,
292910,http://www.deponia.de,http://forum.daedalic.de/,support@daedalic.de
293540,http://play-gar.com/,http://support.play-gar.com/,support@play-gar.com
294100,https://ludeon.com,https://ludeon.com/support,support@ludeon.com
297000,http://mmh3-hd.com/,https://support.ubi.com/,
298110,http://farcrygame.com,https://support.ubi.com/,
298240,https://www.rocketeergames.com/,https://www.rocketeergames.com,support@rocketeergames.com
298630,,,help@team17support.com
299360,https://www.blocknload.com,https://www.blocknload.com/support/,https://www.blocknload.com/contact/
299460,http://chubbypixel.com/games/woodle-tree/,,info@chubbypixel.com
301520,http://robocraftgame.com,https://freejam.uvdesk.com/en/,
301640,http://www.zombiearmy.com,https://rebellion.com/support/,
302510,http://www.rysegame.com,https://crytek.kayako.com/,
302670,http://digitalmindsoft.eu/,http://digitalmindsoft.eu/about-us/contact,info@digitalmindsoft.eu
302830,,https://blockade3d.com/support/index.html,shumkovdmitriys@gmail.com
303390,,,industrys116@gmail.com
304050,http://www.trionworlds.com/trove/?affiliateId=steamtrove,https://support.trionworlds.com,
304240,http://www.residentevil.com/,http://www.capcom.co.jp/support/contact/,
304390,http://forhonorgame.com/,https://support.ubi.com/,
304430,http://www.playdead.com/,http://playdead.com/support/inside/,support@playdead.com
304670,http://aeoncommand.com/,,batcountrygames@gmail.com
304930,http://smartlydressedgames.com/,https://support.smartlydressedgames.com/hc/en-us,
305620,http://www.thelongdark.com,https://hinterlandgames.com/support,
306130,http://www.elderscrollsonline.com,https://help.elderscrollsonline.com/,
307690,http://www.sleepingdogs.net/,http://sqex.to/steamsupport,
307780,http://www.mortalkombat.com,http://support.wbgames.com,support@wbgames.com or Wbgames.intsupport@warnerbros.com
308040,http://www.bedtime.io,,support@bedtimemail.com
308600,https://geneshiftauto.com,https://discord.gg/geneshiftauto,bencelot@gmail.com
310950,http://www.streetfighter.com/,http://www.capcom.co.jp/support/contact/,
311210,https://www.callofduty.com/blackops3,http://support.activision.com/,
311340,http://www.konami.jp/mgs5/gz/certification.php5,https://us.konami.com/support/,
311560,http://assassinscreed.ubi.com/,http://support.ubi.com,
311690,http://www.enterthegungeon.com,http://www.enterthegungeon.com,bugreports@dodgeroll.com
311860,http://www.newrealitygames.co.uk,http://www.newrealitygames.co.uk/#!contact/c1kcz,newrealitygames@gmail.com
312520,https://www.akuparagames.com/game/rain-world/,http://www.akuparagames.com/contact/,rainworld@akuparagames.com
312530,http://games.adultswim.com/,http://games.adultswim.com,
312660,https://sniperelitegames.com,https://rebellion.com/support/,
312990,http://www.broforcegame.com,http://www.broforcegame.com/forums/forum/main-category,
313120,http://www.beamteamgames.com/stranded-deep,http://www.beamteamgames.com/contact,contact@beamteamgames.com
314160,http://www.fsxinsider.com,http://www.fsxinsider.com,
317360,http://doubleactiongame.com/,http://doubleactiongame.com/,bs.vino@gmail.com
319510,http://www.scottgames.com,http://www.scottgames.com,animdude@lycos.com
319630,http://www.lifeisstrange.com,http://sqex.to/steamsupport,
319830,,http://steamcommunity.com/app/319830/discussions/1/,
322170,,http://www.robtopgames.com,support@robtopgames.com
322330,http://www.dontstarvegame.com,http://support.kleientertainment.com,livesupport@kleientertainment.com
322500,https://superhotgame.com/?utm_source=steam&amp;utm_medium=store page&amp;utm_campaign=site&amp;utm_content=button,http://superhotgame.com,halp@superhotgame.com
323190,http://www.frostpunkgame.com/,http://forum.11bitstudios.com/,techsupport@11bitstudios.com
323470,http://www.dragonballxenoverse.com,http://www.dragonballxenoverse.com,
323580,https://thunderlotusgames.com/,www.thunderlotusgames.com/support,
323850,http://www.moveordiegame.com,http://support.moveordiegame.com/,
324800,http://www.shadowwarrior.com,www.flyingwildhog.com,shadowwarrior2-support@flyingwildhog.com
325610,http://www.totalwar.com,https://support.sega.co.uk,
330020,http://www.childrenofmorta.com/,http://www.childrenofmorta.com/,support@childrenofmorta.com
331470,http://everlastingsummer.su/,http://everlastingsummer.su/,mail@everlastingsummer.su
332950,https://www.glowstickentertainment.com,https://www.glowstickentertainment.com,contact@glowstickentertainment.com
333930,http://www.dirtybomb.com/,https://dirtybombsupport.zendesk.com,support@dirtybomb.com
334230,http://www.blankmediagames.com/,http://www.blankmediagames.com/phpbb/,support@blankmediagames.zendesk.com
335240,http://www.atelier801.com,https://atelier801.com/contact,transformice@gmail.com
335300,https://www.bandainamcoent.com/games/dark-souls-ii,http://www.bandainamcogames.com,
337000,,https://support.eidosmontreal.com/,
337320,http://southeastgames.com,http://southeastgames.com/support,support@southeastgames.com
339280,http://strife.com/,http://support.s2games.com/,support@s2games.com
339610,http://freestyle2.joycitygames.com,http://freestyle2.joycitygames.com/support/faq,steam_support@gamekiss.com
341800,http://www.keeptalkinggame.com,https://keeptalkinggame.com/faq,support@keeptalkinggame.com
342200,https://mwomercs.com/,https://mwomercs.com/support,support@mwomercs.com
343710,http://kholat.com,http://kholat.com,support@imgn.pro
346010,http://www.besiege.spiderlinggames.co.uk/,,support@spiderlinggames.co.uk
346110,http://www.playark.com,https://support.survivetheark.com/hc/en-us,support@studiowildcard.com
346330,https://developer.valvesoftware.com/wiki/BrainBread_2,https://developer.valvesoftware.com/wiki/Reperio_Studios,contact@reperio-studios.eu
346900,http://www.kongregate.com/pages/adventure-capitalist,https://hyperhippo.zendesk.com/hc/en-us,adventurecapitalist@hyperhippo.ca
349040,http://www.naruto-videogames.com/,http://www.bandainamcoent.com/,
350640,https://frogwares.com/,https://frogwares.com/support/,support@frogwares.com
351940,http://www.descendantgame.com/,http://www.descendantgame.com,support@gamingcorps.com
355180,http://codenamecure.com,http://steamcommunity.com/groups/codenamecure/,hoobx@codenamecure.com
356190,,http://support.wbgames.com,support@wbgames.com or Wbgames.intsupport@warnerbros.com
356670,http://lagstudios.webs.com/,,lagstudioshelp@gmail.com
359320,http://www.elitedangerous.com/,https://support.elitedangerous.com,
360430,https://www.mafiagame.com/,support.2k.com,
360970,http://chubbypixel.com/,www.chubbypixel.com,fabioferrara1989@gmail.com
361420,http://astroneer.space,https://astroneer.space/support,support@systemera.net
362890,http://www.blackmesagame.com,http://steamcommunity.com/app/362890/discussions/,
363970,http://clickerheroes.com,http://www.reddit.com/r/ClickerHeroes/,support@playsaurus.com
364360,,https://support.sega.co.uk,
364470,https://legends.bethesda.net/?utm_source=Steam,http://help.bethsoft.com/,
365450,http://www.hacknet-os.com/,http://www.hacknet-os.com/,support@fellowtraveller.games
365590,http://thedivisiongame.com,https://support.ubi.com/,
367500,,http://www.capcom.co.jp/support/contact/,
367520,http://hollowknight.com,,info@teamcherry.com.au
368230,http://kingdomthegame.com,,IveFallenAndICantGetUp@rawfury.com
368260,https://midnightsuns.2k.com/,https://support.2k.com/hc/en-us,2KGNOV Customer Service
368370,http://www.herstorygame.com,http://www.herstorygame.com/support,developer@herstorygame.com
368500,http://assassinscreed.ubi.com/,https://support.ubi.com/,
370910,http://kathyraingame.com,http://steamcommunity.com/app/370910/discussions/1/,IveFallenAndICantGetUp@rawfury.com
372000,http://www.treeofsavior.com,https://treeofsavior.com/page/support/,
373420,http://www.divinityoriginalsin-enhanced.com/,http://www.larian.com,supportdos@larian.com
374040,http://portalknights.com,,support@505games.com
374320,,https://www.bandainamcoent.com/support,
376210,https://survivetheisle.com,http://survivetheisle.com,support@findtheisle.com
377160,http://www.fallout4.com,http://help.bethsoft.com/,
378540,https://www.focus-home.com/games/the-surge,http://www.focus-home.com/index.php?rub=support,support@focus-home.com
379430,https://www.kingdomcomerpg.com,https://warhorse.zendesk.com/hc/en-us,support@kingdomcomerpg.com
379720,http://www.doom.com,http://help.bethesda.net/,
380600,http://www.fishingplanet.com,,support@fishingplanet.com
381210,http://www.deadbydaylight.com,https://support.deadbydaylight.com,
383080,,,support@winged-cloud.com
383150,http://deadisland.deepsilver.com,helpcenter.deepsilver.com,
383870,http://www.firewatchgame.com,https://library.panic.com/firewatch/,support@firewatchgame.com
386180,http://crossout.net/,http://support.gaijinent.com,support@gaijinent.com
386360,https://www.smitegame.com,https://www.hirezstudios.com/support/,smitesupport@hirezstudios.com ​
386940,http://www.ultimatechickenhorse.com,http://www.cleverendeavourgames.com,support@clevendeav.com
387290,http://www.oriblindforest.com/,http://xbox.com/oride,
387990,http://www.scrapmechanic.com,http://scrapmechanic.gamepedia.com/Scrap_Mechanic_Wiki,info@axolotgames.se
388410,,,support@quanticlab.com
389430,http://www.nttgameonline.com/knight/,http://support.nttgameonline.com/,
389570,http://mitos.is,http://mitos.is,admin@nilwave.com
389730,https://www.bandainamcostudios.com,www.TEKKEN.com,
391220,http://www.tombraider.com/us/,https://support.crystald.com/,
391460,,,wmcrashreports@gmail.com
391540,http://undertale.com,http://undertale.com,undertalegame@gmail.com
391720,http://layersoffear.com,,support@blooberteam.com
392110,http://www.endless-space-2.com,https://support.sega.co.uk/hc/fr/categories/115000542785-Endless-Support,
392160,https://www.x4foundations.com,https://www.egosoft.com/support/index_en.php,info@egosoft.com
393380,http://joinsquad.com,http://support.joinsquad.com,support@joinsquad.com
394360,http://www.heartsofiron4.com/,http://support.paradoxplaza.com,support@paradoxplaza.com
394510,http://arrowheadgamestudios.com/games/helldivers/,http://steamcommunity.com/app/394510/discussions/,
395170,http://www.jessemakkonen.com,http://www.jessemakkonen.com,makkonen.j.k@gmail.com
397540,https://www.borderlands.com,support.2k.com,
397900,https://www.facebook.com/businesstourgame/,https://www.facebook.com/businesstourgame/,businesstour.game@gmail.com
403640,https://www.dishonored.com/,http://help.bethesda.net/,
409710,http://www.BioShockGame.com,support.2k.com,
409720,http://www.bioshockgame.com/,support.2k.com,
410320,http://www.d3p.co.jp/edf4.1_pc/,,steam_support@d3p.co.jp
412020,http://metrothegame.com/,http://www.deepsilver.com/us/support/ - http://www.deepsilver.com/en/support/ - http://www.deepsilver.com/es/support/ - http://www.deepsilver.com/fr/support/ - http://www.deepsilver.com/it/support/ - http://www.deepsilver.com/de/support/,US: techsupport@deepsilver.com - UK: support@kochmedia.co.uk - ESP: soporte@kochmedia.com - ITA: assistenza@deepsilver.net - DE: kundenservice@kochmedia.com
413150,http://www.stardewvalley.net,,support@stardewvalley.net
414340,http://www.hellblade.com/,http://www.hellblade.com/contact,hellbladesupport@ninjatheory.com
414700,http://www.redbarrelsgames.com/games/outlast-2/,,support@redbarrelsgames.com
417860,http://emilyisaway.com/,http://emilyisaway.com/,emilyisawaygame@gmail.com
417910,http://streetwarriorsonline.com/,http://streetwarriorsonline.com/bugreport.html,contacthooliganfighters@gmail.com
418070,http://www.backtobasicsgaming.com/,http://www.backtobasicsgaming.com/#!contact/c6th,Dan@BackToBasicsGaming.com
418240,http://www.shadow-tactics.com,http://www.daedalicsupport.com,
418370,,http://www.capcom.co.jp/support/contact/,
418460,https://rs2vietnam.com,http://support.rs2vietnam.com,support@tripwireinteractive.com
424370,https://www.wolcengame.com,https://wolcengame.com/contact/,support@wolcengame.com
424840,http://www.little-nightmares.com,https://www.bandainamcoent.com/,
427520,https://www.factorio.com,http://www.factorio.com/support-overview,support@factorio.com
427730,http://www.eviltortillagames.com,,support@eviltortillagames.com
429470,http://www.grabthegames.com/products.html?id=20,http://www.grabthegames.com,Games@grabthegames.com
431240,https://www.gwyf.golf/,https://www.team17.com/support/,help@team17support.com
431960,https://www.wallpaperengine.io,https://help.wallpaperengine.io,support@wallpaperengine.io
433340,http://slimerancher.com,https://support.slimerancher.com/hc/,
433850,https://www.h1z1.com,https://help.daybreakgames.com/,
434650,,,support@neondoctrine.com
435150,http://divinity.game,http://larian.com/support/,supportdos2@larian.com
436520,http://los-game.com,http://support.los-game.com,support@blackspotent.com
437900,http://vikingfabian.com/,http://vikingfabian.com/,
437920,http://www.trickytowers.com,http://www.trickytowers.com,info@trickytowers.com
438040,http://www.sfgame.net,https://playa-games.helpshift.com/,
438100,http://www.vrchat.com,https://help.vrchat.com/,
439190,http://www.storiesthepathofdestinies.com,www.spearheadgames.ca,info@spearheadgames.ca
440900,http://www.conanexiles.com/,https://funcom.zendesk.com/hc/en-us,
442080,https://icarus-na.valofe.com/,https://vfun.valofe.com/customer/support?service_code=icarus-na,
444090,http://www.paladins.com/,https://www.hirezstudios.com/support/,hirezsupport@hirezstudios.com ​
444200,http://wotblitz.com/,https://wargaming.net/support/,
444640,http://ninjakiwi.com,http://ninjakiwi.com,support@ninjakiwi.com
445980,http://wizardoflegend.com/,,team+support@contingent99.com
446800,http://www.transportfever.com,http://www.transportfever.com,info@urbangames.com
447020,https://www.farming-simulator.com/,http://www.farming-simulator.com/support.php,
447040,http://watchdogs.com/,https://support.ubi.com/,
447820,http://dayofinfamy.game/,http://support.newworldinteractive.com/home,
448470,,http://SometimesYou.com,3.14nkerator@gmail.com
450390,,http://steamcommunity.com/app/450390,
450540,http://hotdogshorseshoesandhandgrenades.com,,support@h3vr.com
453480,https://shadowverse.com/,https://shadowverse.com/,
454650,http://www.dragonballxenoverse2.com/,http://www.bandainamcogames.com/,
457140,https://www.kleientertainment.com/games/oxygen-not-included,,livesupport@kleientertainment.com
457330,http://cruderocks.com,http://cruderocks.com,hello@cruderocks.com
459820,http://sadpandastudios.com/,,support@sadpandastudios.com
460790,,https://support.sega.co.uk,
460920,http://steepgame.com/,https://support.ubi.com/,
460930,http://ghostrecon.com,https://support.ubi.com/,
460950,http://www.katanazero.com/,http://www.katanazero.com/,
462780,,,support@quanticlab.com
464920,,https://support.paradoxplaza.com/,
466240,http://www.playdeceit.com/,https://discord.gg/deceit,
466560,https://northgard.net/,,support@shirogames.com
470220,https://www.ubisoft.com/en-us/game/uno/uno,https://support.ubi.com/,
471710,https://recroom.com,https://recroom.zendesk.com/hc/en-us,support@recroom.com
474960,http://www.quantumbreak.com/,http://xbox.com/quantum,
475150,https://www.thqnordic.com/games/titan-quest-anniversary-edition,https://www.thqnordic.com/company/contact,support@quanticlab.com
475550,https://beholder-game.com/promo,http://steamcommunity.com/groups/WLG-Beholder,info@beholder-game.com
476600,https://www.callofduty.com/wwii,https://support.activision.com/,
477160,http://www.nobrakesgames.com/,https://curvegames.com/contact/,support@curvegames.com
480490,,http://help.bethesda.net/,
485510,http://teamninja-studio.com/nioh/lang/,https://www.koeitecmoamerica.com/support/,
488790,http://southpark.ubisoft.com/,https://support.ubi.com/,
489520,http://minionmastersthegame.com,,support@betadwarf.com
489830,,http://help.bethesda.net/,
491950,http://www.orwellgame.com/,http://www.orwellgame.com/,support@osmoticstudios.com
492720,http://www.worldoftropico.com,http://forum.kalypsomedia.com/,support@kalypsomedia.com
493340,https://www.planetcoaster.com/,https://support.frontier.co.uk/kb/,
493520,http://www.GTFOtheGame.com,,support@10chambers.com
495420,https://www.stateofdecay.com,https://support.stateofdecay.com,
502500,http://ace-7.bn-ent.net/,https://support.bandainamcoent.com/,
504230,http://www.celestegame.com,http://www.celestegame.com,contact.celestegame@gmail.com
504370,https://www.battlerite.com/,https://www.battlerite.com/#connect,Support@battlerite.com
508440,http://landfall.se,,support@landfall.se
509980,https://www.cyberlightgs.com,,support@cyberlightgs.com
510840,https://www.evolvationthegame.com,,support@hyperreuts.com
511470,https://www.onyxlute.com,https://www.onyxlute.com,support@onyxlute.com
512900,http://streetsofrogue.com/,http://tinybuild.com/contact,contact@tinybuild.com
513710,http://www.scumgame.com,https://scum.help.jagex.com/hc/en-gb/requests/new,scumgame@gamepires.com
515690,http://www.backtobasicsgaming.com/,http://www.rpgstudios.co.uk/,support@rpgstudios.co.uk
516750,http://www.amistech.com/msc,,support@amistech.com
518790,http://callofthewild.thehunter.com/en,http://support.thehunter.com/hc/en-us,
519860,http://www.NewBlood.games,NewBlood.games,SueDaveOshry@gmail.com
524220,http://www.niergame.com/,http://sqex.to/steamsupport,
527230,https://www.ironoakgames.com,https://www.ironoakgames.com,contact@ironoakgames.com
527430,https://neocoregames.com/en/games/warhammer-40k-inquisitor-martyr,https://neocoregames.com/en/community/hub?game=warhammer-40k,support@neocoregames.com
529340,,http://support.paradoxplaza.com,support@paradoxplaza.com
532210,https://www.lifeisstrange.com,http://sqex.to/steamsupport,
534380,https://pilgrimoutpost.techlandgg.com/?utm_source=steam&amp;utm_medium=store&amp;utm_campaign=dying_light_2,http://support.techland.pl/,support@techland.pl
535930,https://www.twopointhospital.com,http://support.sega.co.uk,
544730,http://www.catanuniverse.com,http://catanuniverse.com/en/support,support@catanuniverse.com
544810,https://www.kards.com/,https://www.1939games.com/contact,support@1939games.com
546560,http://half-life.com,https://help.steampowered.com/en/wizard/HelpWithGame/?appid=546560,
548430,http://deeprockgalactic.com,https://drg.pleasefix.gg/,
550650,http://www.blacksquad.com/,https://vfun.valofe.com/customer/support?service_code=bsquad,
552100,https://www.fluppisoft.com/,,support@fluppisoft.com
552500,http://www.vermintide.com,fatsharkgames.com/support,
552520,https://far-cry.ubisoft.com/,http://support.ubi.com,
552990,https://steam.worldofwarships.com/,https://wargaming.net/support/products/wows/,
554620,http://www.lifeisstrange.com,http://sqex.to/steamsupport,
555160,http://vankrupt.com/,http://pavlovwiki.com/,support@vankrupt.com
555570,https://playnewz.com/,https://support.playnewz.com,support@playnewz.com
558100,,,support@gamesci.com.cn
563560,https://reactivedrop.com,https://feedback.reactivedrop.com,
568220,http://www.lobotomycorp.kr/en/,http://www.lobotomycorp.kr/en/,support@projmoon.com
569480,http://kingdomsandcastles.com/,,contact@lionshieldstudios.com
570940,,https://www.bandainamcoent.com,
578080,https://www.pubg.com,https://support.playbattlegrounds.com,
578310,https://brainout.org,,desertkun@gmail.com
581320,https://www.focus-home.com/games/insurgency-sandstorm,https://support.newworldinteractive.com/,support@newworldinteractive.com
582010,http://www.monsterhunterworld.com/,http://www.capcom.com/mhwsupport/,
582160,http://assassinscreed.ubisoft.com,http://support.ubi.com,
582500,http://totalmayhemgames.com/games/we-were-here/,http://totalmayhemgames.com,support@totalmayhemgames.com
582660,https://steam.playblackdesert.com,https://support.pearlabyss.com/Support/Start/Index/pc,https://steam.playblackdesert.com
583950,,https://help.steampowered.com,
585690,,,pixelmousestudio@gmail.com
588430,http://www.falloutshelter.com/,http://help.bethsoft.com/,falloutshelterhelp@mail.bethesda.net
588650,https://dead-cells.com/,,support@evilempirestudio.com
590380,,http://www.subsetgames.com,contact@subsetgames.com
594570,,http://support.sega.co.uk,
594650,https://www.huntshowdown.com/,https://huntshowdown.com,
599140,http://graveyardkeeper.com,http://tinybuild.com/contact,support@tinybuild.com
601150,http://www.capcom.co.jp/devil5/,http://www.capcom.co.jp/support/contact/,
601430,https://evilwithin2.bethesda.net/?utm_source=Steam,http://help.bethesda.net/,
601510,https://www.konami.com/yugioh/duel_links/,https://www.konami.com/games/inquiry/,
602960,http://barotraumagame.com/,http://www.daedalicsupport.com,support@daedalic.de or contact@barotraumagame.com
603850,http://ageofhistorygame.com,http://ageofhistory.com,jakowskidev@gmail.com
606150,http://www.moonlighterthegame.com,http://www.11bitstudios.com,techsupport@11bitstudios.com
606280,http://www.darksiders.com,,support@quanticlab.com
611500,https://quake.bethesda.net/,help.bethesda.net,
612880,https://wolfenstein.bethesda.net/?utm_source=Steam,http://help.bethesda.net/,
613100,http://houseflippergame.com/,https://krej-net.atlassian.net/wiki/spaces/HFS/overview,
617290,https://www.remnantgame.com,https://support.arcgames.com/,
620980,http://beatsaber.com,https://beatsaber.com,support@beat-games.com
621060,http://www.pcbuildingsim.com/,https://www.pcbuildingsim.com/,support@theirregularcorp.com
622650,http://www.joeydrewstudios.com/batim,http://www.joeydrewstudios.com/batim,batim@joeydrewstudios.com
627690,http://www.idlechampions.com,www.codenameentertainment.com,idlechampions@codenameentertainment.com
629520,https://www.leppsoft.com/soundpad/,https://www.leppsoft.com/soundpad/help/,support@leppsoft.com
629730,https://warpfrog.com/,https://discord.gg/4Ud5nUHrxu,
629760,http://mordhau.com,https://mordhau.com/forum/,contact@mordhau.com
632360,https://www.riskofrain.com/,https://gearboxsoftware.zendesk.com/hc/en-us/categories/360001615171-Risk-of-Rain-2,
632470,http://www.zaumstudio.com,http://www.zaumstudio.com,
633230,https://www.bandainamcoent.com/games/naruto-to-boruto-shinobi-striker,https://www.bandainamcoent.com/support,
635260,http://carx-online.com,http://carx-online.com,support@carx-tech.com
636480,http://ravenfieldgame.com/,http://ravenfieldgame.com/support.html,
637090,http://battletechgame.com/,https://paradox.zendesk.com/home,
637650,https://www.finalfantasyxv.com/,http://sqex.to/steamsupport,
638070,http://www.murderouspursuits.com,,support@blazinggriffin.com
638970,,http://support.sega.co.uk,
640590,https://lnmvg.wbgames.com/1/en-us/index.html,http://support.wbgames.com,support@wbgames.com or Wbgames.intsupport@warnerbros.com
640820,https://owlcatgames.com/,https://support.my.games/pk/,
641990,https://www.team17.com/games/the-escapists-2/,https://www.team17.com/support/,help@team17support.com
644560,,,gm@sakuragame.com
644930,http://www.numantiangames.com/theyarebillions,http://www.numantiangames.com/,support@numantiangames.com
645630,,,help@reddotgames.pl
646570,https://www.megacrit.com/,https://www.megacrit.com/support/,support@megacrit.com
646910,http://thecrew-game.com,https://support.ubi.com/,
648350,http://www.jurassicworldevolutiongame.com,https://support.frontier.co.uk/kb/,
648800,http://www.raft-game.com,https://support.redbeetinteractive.com/hc/en-us,support@redbeetinteractive.com
654880,,,dreamdaddygame@gmail.com
657200,,,support@hfmgames.net
666220,http://www.cs2d.com,http://www.cs2d.com/faq.php,support@unrealsoftware.de
668630,http://www.hl-avg.com,,support@yamayuri.vip
671860,http://joinbattlebit.com,https://joinbattlebit.com/,support@joinbattlebit.com
673130,https://www.NewBlood.games,https://www.NewBlood.games,SueDaveOshry@gmail.com
673950,,http://www.milkstonestudios.com,support@milkstonestudios.com
674020,http://worldwar3.com,https://support.my.games/ww3,support@worldwar3.com
674940,http://landfall.se/stickfightthegame/,landfall.se,Support@landfall.se
675010,https://www.focus-home.com/games/mudrunner-mobile,http://www.focus-home.com/index.php?rub=support,support@focus-home.com
677620,https://1047games.com,https://1047games.com,info@1047games.com
678960,https://www.bandainamcoent.com/games/code-vein,https://www.bandainamcoent.com/support,
680420,https://outriders.square-enix-games.com/en-gb/,https://support.square-enix-games.com/,
683320,http://www.nomada.studio,http://www.nomada.studio,
686810,https://www.hellletloose.com/,https://www.team17.com/,help@team17support.com
690790,http://www.dirtrally2.com,http://forums.codemasters.com,custservice@codemasters.com
692850,https://505games.com/games/bloodstained,support.505games.com,support@505games.com
698780,http://ddlc.moe,http://teamsalvato.com,support@teamsalvato.com
700330,https://scpslgame.com/,https://support.scpslgame.com/,
701160,http://www.kingdomthegame.com/,https://rawfury.atlassian.net/servicedesk/customer/portal/1,
703080,https://www.planetzoogame.com/,https://support.frontier.co.uk/kb/,
704270,https://generationzero.com/en/,https://generationzero.com/,
704850,,,help@playway.com
706990,https://www.skullcapstudios.com/,skullcapstudios.com,contact@skullcapstudios.com
728880,http://www.ghosttowngames.com/overcooked-2/,https://www.team17.com/support/,support@team17.com
736220,http://joinsquad44.com,https://offworldindustries.zendesk.com/,
738060,,http://www.scottgames.com,fazbearhelp@yahoo.com
739630,http://kineticgames.co.uk/,http://discord.gg/phasmophobia,
740130,,https://www.bandainamcoent.com/support,
744900,http://www.deadfrontier2.com,http://support.deadfrontier2.com,support@deadfrontier2.com
747660,https://www.steelwoolstudios.com/five-nights-at-freddys-security-breach,https://www.steelwoolstudios.com/contact,
752590,https://www.focus-home.com/games/a-plague-tale-innocence,http://www.focus-home.com/index.php?rub=support,support@focus-home.com
753640,,https://www.mobiusdigitalgames.com/supportforum.html,help@annapurnainteractive.com
761890,https://albiononline.com,https://albiononline.com/profile/support,support@albiononline.com
766570,https://rf4game.com/,https://rf4game.com/contacts/,support@rf4game.com
767560,https://warrobots.com,https://warrobots.zendesk.com/,wr_steam@pixonic.com
774171,https://musedash.peropero.net/,https://service.peropero.net/#/new,md_player@hasuhasu.com
774361,http://blasphemousgame.com/,https://www.team17.com/support/,help@team17support.com
774861,http://www.projectwinter.co,www.projectwinter.co,support@projectwinter.co
779340,https://www.totalwar.com/,http://support.sega.co.uk,
780310,http://www.riftbreaker.com/,http://www.riftbreaker.com,support@exorstudios.com
782330,https://slayersclub.bethesda.net/en,http://help.bethesda.net/,
783770,,https://discord.gg/ironsight,support@wiplegames.com
787860,,http://www.farming-simulator.com/support.php,support@giants-software.com
788100,https://www.veewo.com/neonabyss,https://www.team17.com/support/,help@team17support.com
805550,https://www.assettocorsa.net/competizione,https://support.505games.com/support/home,support@505games.com
812140,http://www.assassinscreed.com,http://support.ubi.com,
813630,http://supragames.de,http://supragames.de,
813780,https://www.ageofempires.com/games/aoeiide/,https://www.ageofempires.com/support/aoe2/,
813820,,https://www.hirezstudios.com/support/,hirezsupport@hirezstudios.com ​
814380,http://www.sekirothegame.com/,https://support.activision.com/,
815370,http://www.greenhell-game.com,,support@creepyjar.com
823130,http://landfall.se,,support@landfall.se
823500,http://www.stresslevelzero.com,stresslevelzero.com,support@stresslevelzero.com
834910,http://playatlas.com,http://www.playatlas.com,
837470,https://goose.game,https://goose.game/support/,support@goose.game
838350,,https://help.conchship.com.cn,
843380,https://animalroyale.com,https://pixilestudios.com,contact@pixilestudios.com
844870,https://www.kurtzpel.com,https://www.kurtzpel.com,
845070,https://www.CaptainSpirit.com,http://sqex.to/steamsupport,
848450,https://unknownworlds.com/subnautica,http://forums.unknownworlds.com/categories/subnautica,
858820,https://www.tribesofmidgard.com/,https://support.gearboxsoftware.com/hc/en-us/categories/4405562017293-Tribes-of-Midgard,
870780,https://controlgame.com,http://support.505games.com/en/support/home,
871720,,http://www.scottgames.com,fazbearhelp@yahoo.com
880940,http://www.rebuiltgames.com/,http://www.rebuiltgames.com/,Info@RebuiltGames.com
881020,https://relink.granbluefantasy.jp/,https://relink.granbluefantasy.jp/,
881100,http://noitagame.com,http://noitagame.com,support@nollagames.com
883710,http://www.residentevil2.com/,http://www.capcom.co.jp/support/contact/,
884660,https://crsed.net,https://support.gaijin.net,
892970,http://www.valheim.com,,contact@irongatestudio.se
899440,https://www.bandainamcoent.com/games/god-eater-3,https://www.bandainamcoent.com/support,
899770,https://lastepoch.com/,https://support.lastepoch.com,support@lastepoch.com
918570,https://www.century-age-of-ashes.com/,https://www.playwing.com/,
920210,,http://support.wbgames.com,support@wbgames.com or Wbgames.intsupport@warnerbros.com
924970,https://back4blood.com/,http://support.wbgames.com,support@wbgames.com or Wbgames.intsupport@warnerbros.com
933110,https://www.ageofempires.com/games/aoeiiide/,https://www.ageofempires.com/support/aoe3/,
939960,https://far-cry.ubisoft.com/,http://support.ubi.com,
942970,https://www.thenextstudio.net/unheard/index_cn.html,http://www.thenextstudio.net/unheard/,unheard@thenextstudio.net
945360,http://innersloth.com/gameAmongUs.php,https://innersloth.zendesk.com/hc/en-us,support@innersloth.com
949230,,https://support.paradoxplaza.com/hc/en-us,
952060,http://www.capcom.co.jp/biohazard/re3/,http://www.capcom.co.jp/support/contact/,
955050,https://playism.com/game/bright-memory/,,fyqdzg@gmail.com
960090,https://ninjakiwi.com,https://support.ninjakiwi.com,support@ninjakiwi.com
961200,https://predecessorgame.com/,https://www.omedastudios.com/contact,support@omedastudios.com
962130,https://grounded.obsidian.net,https://support.obsidian.net/contact,support@obsidian.net
967050,,,pacify_steam@hitchcockgames.com
976310,http://mortalkombat.com/,http://support.wbgames.com,support@wbgames.com or Wbgames.intsupport@warnerbros.com
976730,https://www.halowaypoint.com/halo-the-master-chief-collection,https://aka.ms/HaloSupport,
977950,https://7thbe.at,http://7thbe.at/support,kyle@7thbe.at
979690,https://curvegames.com/our-games/the-ascent/,https://curvegames.com/contact/,support@curvegames.com
990080,https://www.hogwartslegacy.com/,https://portkeygamessupport.wbgames.com/hc,support@wbgames.com
992300,https://weibo.com/2042172087/profile,https://weibo.com/yutianxiangmo,309236613@qq.com
1016920,https://unrailed-game.com,https://www.daedalicsupport.com/en/games/unrailed!/,support@indoorastronaut.ch
1029690,https://sniperelitegames.com/,https://rebellion.com/support/,support@rebellion.co.uk
1030830,https://www.mafiagame.com/,https://support.2k.com,
1030840,,https://support.2k.com,
1046930,http://underlords.com/,https://help.steampowered.com,
1049410,http://www.pillowcastlegames.com/,http://www.pillowcastlegames.com/,support@pillowcastlegames.com
1049590,https://playeternalreturn.com/,https://eternalreturn.zendesk.com/hc/requests/new,
1056640,https://pso2.com/,https://support.pso2.com,
1056960,https://wolfenstein.bethesda.net/,http://help.bethesda.net/,
1057090,https://www.orithegame.com,https://support.xbox.com,
1058020,,http://help.disney.com/en_US/Games/Steam,
1061910,https://www.metalhellsinger.com/,https://www.funcom.com/help/,
1063730,https://www.newworld.com/,https://www.amazon.com/contact-us,
1085660,https://www.bungie.net/,https://www.bungie.net/help,
1086940,https://baldursgate3.game,https://larian.com/support,
1089090,https://www.bandainamcoent.com/,http://www.bandainamcoent.com/support,support@bandainamcoent.com
1089980,http://innersloth.com/gameHenryCollection.php,,us@innersloth.com
1091500,https://www.cyberpunk.net,http://en.cdprojektred.com/support,
1092790,https://www.inscryption-game.com,,support@danielmullinsgames.com
1094520,,,indie@xindong.com
1096530,https://www.solasta-game.com/,,contact@tactical-adventures.com
1113000,,http://support.sega.co.uk,
1118200,https://studiominus.nl/,studiominus.nl,mestiez@studiominus.nl
1128810,http://smgstudio.com/,http://smgstudio.freshdesk.com/support/solutions/11000001507,support-risk@smgstudio.com
1129580,https://rendercube.pl,,support@rendercube.pl
1139900,https://ghostrunnergame.com,https://support.505games.com,help@505games.com
1142710,https://warhammer3.totalwar.com/,http://support.sega.co.uk,
1144200,https://voidinteractive.net,https://voidinteractive.net/,support@voidinteractive.net
1145350,http://www.supergiantgames.com,https://www.supergiantgames.com/contact/,support@supergiantgames.com
1145360,http://www.supergiantgames.com,https://www.supergiantgames.com/contact/,support@supergiantgames.com
1147550,https://www.notforbroadcastgame.com/,http://tinybuild.com/contact,support@tinybuild.com
1147560,https://playneowiz.com/skul,https://playneowiz.com/skul,Skul_support@neowiz.com
1150690,http://omori-game.com/,http://omori-game.com/,omoriboy@yahoo.com
1151340,https://fallout.bethesda.net/en/,https://help.bethesda.net/app/home,
1151640,,https://www.guerrilla-games.com/play/horizon/faq,customersupport@guerrilla-games.com
1158310,,https://paradox.zendesk.com/home,support@paradoxplaza.com
1167630,http://teardowngame.com,http://teardowngame.com,
1172380,,https://help.ea.com/,
1172470,https://www.ea.com/games/apex-legends,https://help.ea.com/,
1172620,https://www.seaofthieves.com,https://support.seaofthieves.com,
1174180,https://www.rockstargames.com/reddeadredemption2/,https://support.rockstargames.com/,
1178830,https://playism.com/game/bright-memory-infinite/,,fyqdzg@gmail.com
1180380,,https://stalkeronline.helpdeskeddy.com,support@stalker.so
1184370,https://wrath.owlcatgames.com/,https://forum.owlcatgames.com/t/how-to-submit-bug-reports/17302,
1196590,https://www.residentevil.com/village/,http://www.capcom.co.jp/support/contact/,
1203220,https://www.narakathegame.com,http://www.narakathegame.com,service@narakathegame.com
1203620,https://www.enshrouded.com,https://enshrouded.zendesk.com/,support@keengames.zendesk.com
1213210,https://www.commandandconquer.com,https://help.ea.com/,
1217060,https://gfr.yijoys.com/en/,,qhstaff@2980.com
1222140,https://www.quanticdream.com/detroit-become-human,https://www.quanticdream.com/detroit-become-human-support,support@quanticdream.com
1222670,https://www.ea.com/games/the-sims/the-sims-4,https://help.ea.com/,
1222680,https://www.ea.com/games/need-for-speed,https://help.ea.com/,
1222700,https://www.ea.com/games/a-way-out,https://help.ea.com/,
1229490,,Discord.gg/NewBlood,
1237950,https://www.ea.com/games/starwars/battlefront/star-wars-battlefront-2,https://help.ea.com/,
1237970,https://www.ea.com/games/titanfall/titanfall-2,https://help.ea.com/,
1238810,https://www.ea.com/games/battlefield/battlefield-5,https://help.ea.com/,
1238840,https://www.ea.com/games/battlefield/battlefield-1,https://help.ea.com/,
1240440,https://www.halowaypoint.com/halo-infinite,https://aka.ms/halosupport,
1241100,,,studio@redaster.org
1245620,,https://www.bandainamcoent.com/support,
1248130,https://farming-simulator.com/,http://www.farming-simulator.com/support.php,support@giants-software.com
1250410,https://www.flightsimulator.com,flightsimulator.zendesk.com,
1254120,https://blessunleashedpc.com/,https://vfun.valofe.com/customer/inquiry_not_login?service_code=vfun,
1258080,https://playshoptitans.com/,https://riposte.helpshift.com/a/shop-titans-design-and-trade/,
1259420,,https://www.playstation.com/support/,
1260320,https://www.partyanimals.com,https://support.partyanimals.com/,support@recreate.games
1262350,http://rose-engine.org/signalis/,http://rose-engine.org,help@rose-engine.org
1262580,https://www.ea.com/games/need-for-speed/need-for-speed-payback,https://help.ea.com/,
1272080,https://www.paydaythegame.com/payday3/,https://to.plaion.com/steamsupport,
1274570,http://www.devourgame.com,,support@straightbackgames.com
1277400,https://www.monsterhunter.com/stories2/,http://www.capcom.co.jp/support/contact/,
1282100,https://www.remnantgame.com/,https://support.arcgames.com,
1282730,http://loophero.com,http://devolverdigital.com,
1284410,https://www.playgwent.com,https://support.cdprojektred.com/en/,https://support.cdprojektred.com/en/gwent/steam
1286680,http://Playwonderlands.com,http://support.2k.com,
1286830,http://www.swtor.com/,https://help.ea.com/,
1289310,,,piskorz40k@o2.pl
1293830,http://www.forzamotorsport.net,https://support.forzamotorsport.net/,
1304930,https://redbarrelsgames.com/games/the-outlast-trials/,https://store.redbarrelsgames.com/pages/faq,support@redbarrelsgames.com
1313140,http://cultofthelamb.com,https://support.devolverdigital.com,support@devolverdigital.com
1326470,,,support@endnightgames.com
1332010,https://stray.game,,help@annapurnainteractive.com
1335200,http://www.actiontaimanin.net,http://www.actiontaimanin.net,support@gremorygames.com
1343370,https://oldschool.runescape.com/,https://support.runescape.com/,
1343400,https://www.RuneScape.com,https://support.runescape.com,
1353950,https://www.farfewgiants.com/,https://www.farfewgiants.com/,contact@farfewgiants.com
1361210,http://www.playdarktide.com,fatsharkgames.com/support,
1363080,http://www.manorlords.com,,support@manorlords.com
1364780,https://www.streetfighter.com/6/en-us/,https://www.streetfighter.com/6/support,
1366540,,http://www.gameragame.com/,support@gameragame.com
1366800,https://www.centerpointgaming.com,https://www.centerpointgaming.com,support@centerpointgaming.com
1371980,http://norestforthewicked.com/,https://privatedivision.com/support,
1377580,,https://vfun.valofe.com/customer/inquiry,
1380400,,https://discord.gg/xxQenfjf5T,tomiron@hotmail.co.uk
1384160,,https://arcsystemworks.com/support/,
1388770,https://twitter.com/CSoftproducts,https://twitter.com/CSoftproducts,
1404210,https://www.rockstargames.com/reddeadredemption2/,https://support.rockstargames.com/,
1407200,https://wargaming.net/wot,https://wargaming.net/support/products/wot,
1426210,https://www.ea.com/games/it-takes-two,https://help.ea.com/,
1446780,https://www.monsterhunter.com/rise-steam/,http://www.capcom.co.jp/support/contact/,
1454400,https://orteil.dashnet.org/cookieclicker/,https://discordapp.com/invite/cookie,support@playsaurus.com
1466640,https://road96.com/,https://playersupport.plaion.com/hc/en-us/categories/6869313127581-ROAD-96?utm_source=socials&amp;utm_medium=cpc&amp;utm_campaign=community,support at digixart.com
1466860,https://www.ageofempires.com/,https://www.ageofempires.com/,
1468810,,http://www.lightning.games,info@lightning.games
1475810,https://bethesda.net/en/game/ghostwire-tokyo,http://help.bethesda.net/,
1476970,https://www.legendsofidleon.com/,https://www.legendsofidleon.com/,Lava@lavaflame2.com
1483870,https://drawandguess.com,,support@acureus.com
1509960,http://picoparkgame.com/en/,http://picoparkgame.com/,tecopark@gmail.com
1515950,https://www.capcom-arcade-stadium.com,http://www.capcom.co.jp/support/contact/,
1517290,https://www.ea.com/games/battlefield/battlefield-2042/,https://help.ea.com/,
1520470,,,gkdgamestudio@gmail.com
1522820,https://robotentertainment.com/omd3,https://robotentertainment.zendesk.com/hc/en-us,support@robotentertainment.com
1533390,https://gorillatagvr.com/,,info@anotheraxiom.com
1536610,https://www.openttd.org,https://www.openttd.org/contact.html,
1549970,http://www.aliensfireteamelite.com,http://www.aliensfireteamelite.com,
1557740,http://landfall.se,http://landfall.se,support@landfall.se
1562430,https://www.dredge.game/,https://www.team17.com/support/,help@team17support.com
1593500,,https://support.sms.playstation.com/hc/,
1599340,https://www.playlostark.com,https://www.amazongames.com/support,
1604030,https://playvrising.com/,https://bugs.playvrising.com/,info@playvrising.com
1619450,,,techworldcom2019@gmail.com
1623730,https://www.pocketpair.jp/palworld,https://www.pocketpair.jp/,support_palworld@pocketpair.jp
1627140,https://www.ziggurat.games/,https://www.ziggurat.games/contact,support@ziggurat.games
1659040,https://hitman.com/,https://www.ioi.dk/player-support/,
1676130,https://deadlinkgame.com/?lang=en,https://discord.gg/GR6QHTSzUy,
1677740,https://www.scopely.com/,https://stumbleguys.helpshift.com/hc/en/4-stumble-guys/,stumble-guys-support@scopely.com
1687950,https://www.atlus.com/p5r,https://support.sega.com/hc/requests/new?ticket_form_id=1900000326053,
1716740,,https://help.bethesda.net/app/home,
1721470,https://www.mobentertainment.com/poppy-playtime,,https://www.mobentertainment.com/contact
1755910,https://www.capcom-arcade-stadium.com,http://www.capcom.co.jp/support/contact/,
1794680,,,support@poncle.co.uk
1817070,,https://www.playstation.com/en-us/games/marvels-spider-man-remastered/,
1824220,https://chivalry2.com/,https://support.chivalry2.com/en,
1832640,,,support@mirror-2.com
1868140,https://mintrocketgames.com/,https://davethediverhelp.nexon.com/hc/ko,https://davethediverhelp.nexon.com/hc/
1888160,,https://www.bandainamcoent.com/support,
1942280,https://thomasgervraud.com/press/brotato/,https://www.blobfish.dev/contact/,
1943950,,,support@hypecopilot.com
1966720,,,zeekerssgames@gmail.com
1987080,,,mrfatcat.dev@gmail.com
2050650,https://www.residentevil.com/re4/,http://www.capcom.co.jp/support/contact/,
2054970,https://www.dragonsdogma.com/2/,http://www.capcom.co.jp/support/contact/,
2186680,https://roguetrader.owlcat.games/,,team@owlcat.games
2195250,https://www.ea.com/games/FC,https://help.ea.com/,
2231450,,,pizzatowergame@gmail.com
2294450,,,916313092@qq.com
2322560,https://love.xiaoyouneirong.com/,,intiny@jedi-games.com
2344520,https://diablo4.blizzard.com/,https://support.blizzard.com/,
2379780,https://www.playbalatro.com/,https://www.playbalatro.com/,localthunk@gmail.com
2399830,http://www.playark.com,https://support.survivetheark.com/hc/en-us,support@studiowildcard.com
2479810,https://www.grayzonewarfare.com,,support@madfingergames.com
2670630,,,yusuf.toptan@outlook.com
2881650,http://landfall.se,http:/landfall.se,support@landfall.se
